lastUpdatedAt,actualLandingTime,aircraftRegistration,estimatedLandingTime,expectedTimeOnBelt,flightDirection,flightName,flightNumber,gate,pier,id,isOperationalFlight,mainFlight,prefixIATA,prefixICAO,airlineCode,scheduleDateTime,scheduleDate,scheduleTime,serviceType,terminal,schemaVersion,aircraftType_iataMain,aircraftType_iataSub,baggageClaim_belts,codeshares_codeshares,publicFlightState_flightStates,route_destinations,route_eu,route_visa,actualOffBlockTime,expectedSecurityFilter,checkinAllocations_checkinAllocations,expectedTimeBoarding,expectedTimeGateClosing,expectedTimeGateOpen
2025-03-04T02:01:47.178+01:00,2025-03-04T00:20:00.000+01:00,PHYHC,2025-03-04T00:32:00.000+01:00,2025-03-04T00:57:55.000+01:00,A,HV6888,6888,Z10,Z,141847971462553648,True,HV6888,HV,TRA,164.0,2025-03-04T00:15:00.000+01:00,2025-03-04,00:15:00,J,1.0,4,32S,32Q,['2'],['KL2746'],"['ARR', 'EXP']",['KEF'],S,False,,,,,,
2025-03-04T02:01:47.178+01:00,2025-03-04T00:20:00.000+01:00,PHYHC,2025-03-04T00:32:00.000+01:00,2025-03-04T00:57:55.000+01:00,A,KL2746,2746,Z10,Z,141847971840725908,True,HV6888,KL,KLM,100.0,2025-03-04T00:15:00.000+01:00,2025-03-04,00:15:00,J,1.0,4,32S,32Q,['2'],['KL2746'],"['ARR', 'EXP']",['KEF'],S,False,,,,,,
2025-03-04T10:18:11.356+01:00,,,2025-03-04T22:45:00.000+01:00,,A,OR3721,3721,,,141847972418068644,True,OR3721,OR,TFL,231.0,2025-03-04T00:20:00.000+01:00,2025-03-04,00:20:00,J,,4,737,7M8,,,"['SCH', 'EXP']","['VXE', 'SID']",N,False,,,,,,
2025-03-04T02:06:59.167+01:00,2025-03-04T00:15:00.000+01:00,PHHXO,2025-03-04T00:12:00.000+01:00,2025-03-04T01:00:09.000+01:00,A,HV5662,5662,D60,D,141847971462446706,True,HV5662,HV,TRA,164.0,2025-03-04T00:30:00.000+01:00,2025-03-04,00:30:00,J,1.0,4,737,73H,['6'],"['DL7520', 'KL2574']","['ARR', 'EXP']",['LPA'],S,False,,,,,,
2025-03-04T02:06:59.167+01:00,2025-03-04T00:15:00.000+01:00,PHHXO,2025-03-04T00:12:00.000+01:00,2025-03-04T01:00:09.000+01:00,A,DL7520,7520,D60,D,141847970870411404,True,HV5662,DL,DAL,58.0,2025-03-04T00:30:00.000+01:00,2025-03-04,00:30:00,J,1.0,4,737,73H,['6'],"['DL7520', 'KL2574']","['ARR', 'EXP']",['LPA'],S,False,,,,,,
2025-03-04T02:06:59.167+01:00,2025-03-04T00:15:00.000+01:00,PHHXO,2025-03-04T00:12:00.000+01:00,2025-03-04T01:00:09.000+01:00,A,KL2574,2574,D60,D,141847971840720650,True,HV5662,KL,KLM,100.0,2025-03-04T00:30:00.000+01:00,2025-03-04,00:30:00,J,1.0,4,737,73H,['6'],"['DL7520', 'KL2574']","['ARR', 'EXP']",['LPA'],S,False,,,,,,
2024-10-16T15:17:07.059+02:00,,,,,A,HV6904,6904,,,141847971462555786,False,HV6904,HV,,,2025-03-04T00:35:00.000+01:00,2025-03-04,00:35:00,J,,4,73H,73H,,,['SCH'],"['DXB', 'ATH']",N,False,,,,,,
2024-08-22T10:40:37.943+02:00,,,,,A,HV6308,6308,,,141847971462539366,False,HV6308,HV,,,2025-03-04T00:45:00.000+01:00,2025-03-04,00:45:00,J,,4,73H,73H,,,['SCH'],['BEY'],N,False,,,,,,
2025-03-04T00:51:35.939+01:00,2025-03-04T00:32:00.000+01:00,PHCKC,2025-03-04T00:30:00.000+01:00,,A,MP9462,9462,,,141847972133796092,True,MP9462,MP,MPH,122.0,2025-03-04T00:55:00.000+01:00,2025-03-04,00:55:00,F,,4,74F,74Y,,,"['LND', 'EXP']","['HKG', 'DWC']",N,False,,,,,,
2025-03-04T05:09:23.353+01:00,2025-03-04T04:48:41.000+01:00,OELYA,2025-03-04T04:48:52.000+01:00,,A,QY1446,1446,,,141847972721472058,True,QY1446,QY,BCS,289.0,2025-03-04T05:10:00.000+01:00,2025-03-04,05:10:00,F,,4,76F,76Y,,,"['LND', 'EXP']",['LEJ'],S,False,,,,,,
2025-03-04T05:35:26.381+01:00,2025-03-04T05:17:07.000+01:00,OEIXF,2025-03-04T05:16:14.000+01:00,,A,FX4235,4235,,,141847971192455048,True,FX4235,FX,FDX,219.0,2025-03-04T05:15:00.000+01:00,2025-03-04,05:15:00,F,,4,73F,73K,,,['LND'],['CDG'],S,False,,,,,,
2025-03-04T08:48:42.347+01:00,2025-03-04T06:08:58.000+01:00,PHBVP,2025-03-04T06:08:32.000+01:00,2025-03-04T07:20:16.273+01:00,A,KL0714,714,E24,E,141847971840523070,True,KL0714,KL,KLM,100.0,2025-03-04T05:45:00.000+01:00,2025-03-04,05:45:00,J,4.0,4,777,77W,['19'],,"['ARR', 'EXP']",['PBM'],N,False,,,,,,
2025-03-04T07:43:43.189+01:00,2025-03-04T05:35:34.000+01:00,PHBHL,2025-03-04T05:35:13.000+01:00,2025-03-04T06:53:10.080+01:00,A,KL0810,810,F7,F,141847971840525800,True,KL0810,KL,KLM,100.0,2025-03-04T05:50:00.000+01:00,2025-03-04,05:50:00,J,3.0,4,787,789,['17'],"['AF8398', 'MH5632']","['ARR', 'EXP']","['CGK', 'KUL']",N,False,,,,,,
2025-03-04T07:43:43.189+01:00,2025-03-04T05:35:34.000+01:00,PHBHL,2025-03-04T05:35:13.000+01:00,2025-03-04T06:53:10.080+01:00,A,AF8398,8398,F7,F,141847970431954094,True,KL0810,AF,AFR,80.0,2025-03-04T05:50:00.000+01:00,2025-03-04,05:50:00,J,3.0,4,787,789,['17'],"['AF8398', 'MH5632']","['ARR', 'EXP']","['CGK', 'KUL']",N,False,,,,,,
2025-03-04T07:43:43.189+01:00,2025-03-04T05:35:34.000+01:00,PHBHL,2025-03-04T05:35:13.000+01:00,2025-03-04T06:53:10.080+01:00,A,MH5632,5632,F7,F,141847972103409546,True,KL0810,MH,MAS,5065.0,2025-03-04T05:50:00.000+01:00,2025-03-04,05:50:00,J,3.0,4,787,789,['17'],"['AF8398', 'MH5632']","['ARR', 'EXP']","['CGK', 'KUL']",N,False,,,,,,
2025-03-04T07:43:44.187+01:00,2025-03-04T05:43:46.000+01:00,PHBVD,2025-03-04T05:44:09.000+01:00,2025-03-04T06:52:48.430+01:00,A,KL0590,590,F8,F,141847971840518178,True,KL0590,KL,KLM,100.0,2025-03-04T05:50:00.000+01:00,2025-03-04,05:50:00,J,3.0,4,777,77W,['17'],"['AF8248', 'DL9373']",['ARR'],['ACC'],N,False,,,,,,
2025-03-04T07:43:44.187+01:00,2025-03-04T05:43:46.000+01:00,PHBVD,2025-03-04T05:44:09.000+01:00,2025-03-04T06:52:48.430+01:00,A,AF8248,8248,F8,F,141847970431950986,True,KL0590,AF,AFR,80.0,2025-03-04T05:50:00.000+01:00,2025-03-04,05:50:00,J,3.0,4,777,77W,['17'],"['AF8248', 'DL9373']",['ARR'],['ACC'],N,False,,,,,,
2025-03-04T07:43:44.187+01:00,2025-03-04T05:43:46.000+01:00,PHBVD,2025-03-04T05:44:09.000+01:00,2025-03-04T06:52:48.430+01:00,A,DL9373,9373,F8,F,141847970870608916,True,KL0590,DL,DAL,58.0,2025-03-04T05:50:00.000+01:00,2025-03-04,05:50:00,J,3.0,4,777,77W,['17'],"['AF8248', 'DL9373']",['ARR'],['ACC'],N,False,,,,,,
2025-03-04T07:24:49.152+01:00,2025-03-04T05:47:52.000+01:00,PHBQB,2025-03-04T05:48:07.000+01:00,2025-03-04T06:50:33.827+01:00,A,DL9667,9667,E2,E,141847970870617064,True,KL0624,DL,DAL,58.0,2025-03-04T05:55:00.000+01:00,2025-03-04,05:55:00,J,2.0,4,777,772,['8'],"['AF6695', 'DL9667', 'VS7113']",['ARR'],['ATL'],N,False,,,,,,
2025-03-04T07:24:49.152+01:00,2025-03-04T05:47:52.000+01:00,PHBQB,2025-03-04T05:48:07.000+01:00,2025-03-04T06:50:33.827+01:00,A,VS7113,7113,E2,E,141847973393021090,True,KL0624,VS,VIR,181.0,2025-03-04T05:55:00.000+01:00,2025-03-04,05:55:00,J,2.0,4,777,772,['8'],"['AF6695', 'DL9667', 'VS7113']",['ARR'],['ATL'],N,False,,,,,,
2025-03-04T07:24:49.152+01:00,2025-03-04T05:47:52.000+01:00,PHBQB,2025-03-04T05:48:07.000+01:00,2025-03-04T06:50:33.827+01:00,A,KL0624,624,E2,E,141847971840520406,True,KL0624,KL,KLM,100.0,2025-03-04T05:55:00.000+01:00,2025-03-04,05:55:00,J,2.0,4,777,772,['8'],"['AF6695', 'DL9667', 'VS7113']",['ARR'],['ATL'],N,False,,,,,,
2025-03-04T07:24:49.152+01:00,2025-03-04T05:47:52.000+01:00,PHBQB,2025-03-04T05:48:07.000+01:00,2025-03-04T06:50:33.827+01:00,A,AF6695,6695,E2,E,141847970431759690,True,KL0624,AF,AFR,80.0,2025-03-04T05:55:00.000+01:00,2025-03-04,05:55:00,J,2.0,4,777,772,['8'],"['AF6695', 'DL9667', 'VS7113']",['ARR'],['ATL'],N,False,,,,,,
2025-03-04T07:40:54.230+01:00,2025-03-04T05:57:58.000+01:00,N413DX,2025-03-04T05:58:29.000+01:00,2025-03-04T07:05:03.848+01:00,A,DL0046,46,E18,E,141847970869688732,True,DL0046,DL,DAL,58.0,2025-03-04T05:55:00.000+01:00,2025-03-04,05:55:00,J,3.0,4,330,339,['16'],"['AF5591', 'KL6070', 'VS3928']",['ARR'],['JFK'],N,False,,,,,,
2025-03-04T07:40:54.230+01:00,2025-03-04T05:57:58.000+01:00,N413DX,2025-03-04T05:58:29.000+01:00,2025-03-04T07:05:03.848+01:00,A,AF5591,5591,E18,E,141847970431655638,True,DL0046,AF,AFR,80.0,2025-03-04T05:55:00.000+01:00,2025-03-04,05:55:00,J,3.0,4,330,339,['16'],"['AF5591', 'KL6070', 'VS3928']",['ARR'],['JFK'],N,False,,,,,,
2025-03-04T07:40:54.230+01:00,2025-03-04T05:57:58.000+01:00,N413DX,2025-03-04T05:58:29.000+01:00,2025-03-04T07:05:03.848+01:00,A,KL6070,6070,E18,E,141847971841112176,True,DL0046,KL,KLM,100.0,2025-03-04T05:55:00.000+01:00,2025-03-04,05:55:00,J,3.0,4,330,339,['16'],"['AF5591', 'KL6070', 'VS3928']",['ARR'],['JFK'],N,False,,,,,,
2025-03-04T07:40:54.230+01:00,2025-03-04T05:57:58.000+01:00,N413DX,2025-03-04T05:58:29.000+01:00,2025-03-04T07:05:03.848+01:00,A,VS3928,3928,E18,E,141847973392637854,True,DL0046,VS,VIR,181.0,2025-03-04T05:55:00.000+01:00,2025-03-04,05:55:00,J,3.0,4,330,339,['16'],"['AF5591', 'KL6070', 'VS3928']",['ARR'],['JFK'],N,False,,,,,,
2025-03-04T06:52:35.186+01:00,2025-03-04T05:21:33.000+01:00,N814NW,2025-03-04T05:21:35.000+01:00,2025-03-04T06:22:34.036+01:00,A,DL0132,132,E8,E,141847970869691388,True,DL0132,DL,DAL,58.0,2025-03-04T06:00:00.000+01:00,2025-03-04,06:00:00,J,3.0,4,330,333,['15'],"['AF5606', 'KL6018', 'VS3929']","['ARR', 'EXP']",['DTW'],N,False,,,,,,
2025-03-04T06:52:35.186+01:00,2025-03-04T05:21:33.000+01:00,N814NW,2025-03-04T05:21:35.000+01:00,2025-03-04T06:22:34.036+01:00,A,AF5606,5606,E8,E,141847970431657720,True,DL0132,AF,AFR,80.0,2025-03-04T06:00:00.000+01:00,2025-03-04,06:00:00,J,3.0,4,330,333,['15'],"['AF5606', 'KL6018', 'VS3929']","['ARR', 'EXP']",['DTW'],N,False,,,,,,
2025-03-04T06:52:35.186+01:00,2025-03-04T05:21:33.000+01:00,N814NW,2025-03-04T05:21:35.000+01:00,2025-03-04T06:22:34.036+01:00,A,KL6018,6018,E8,E,141847971841111748,True,DL0132,KL,KLM,100.0,2025-03-04T06:00:00.000+01:00,2025-03-04,06:00:00,J,3.0,4,330,333,['15'],"['AF5606', 'KL6018', 'VS3929']","['ARR', 'EXP']",['DTW'],N,False,,,,,,
2025-03-04T06:52:35.186+01:00,2025-03-04T05:21:33.000+01:00,N814NW,2025-03-04T05:21:35.000+01:00,2025-03-04T06:22:34.036+01:00,A,VS3929,3929,E8,E,141847973392637856,True,DL0132,VS,VIR,181.0,2025-03-04T06:00:00.000+01:00,2025-03-04,06:00:00,J,3.0,4,330,333,['15'],"['AF5606', 'KL6018', 'VS3929']","['ARR', 'EXP']",['DTW'],N,False,,,,,,
2025-03-04T07:20:04.180+01:00,2025-03-04T05:25:43.000+01:00,PHAKF,2025-03-04T05:25:57.000+01:00,2025-03-04T06:19:42.341+01:00,A,DL9507,9507,F5,F,141847970870613882,True,KL0588,DL,DAL,58.0,2025-03-04T06:00:00.000+01:00,2025-03-04,06:00:00,J,3.0,4,330,333,['16'],"['AF5479', 'DL9507']","['ARR', 'EXP']",['LOS'],N,False,,,,,,
2025-03-04T07:20:04.180+01:00,2025-03-04T05:25:43.000+01:00,PHAKF,2025-03-04T05:25:57.000+01:00,2025-03-04T06:19:42.341+01:00,A,KL0588,588,F5,F,141847971840518120,True,KL0588,KL,KLM,100.0,2025-03-04T06:00:00.000+01:00,2025-03-04,06:00:00,J,3.0,4,330,333,['16'],"['AF5479', 'DL9507']","['ARR', 'EXP']",['LOS'],N,False,,,,,,
2025-03-04T07:20:04.180+01:00,2025-03-04T05:25:43.000+01:00,PHAKF,2025-03-04T05:25:57.000+01:00,2025-03-04T06:19:42.341+01:00,A,AF5479,5479,F5,F,141847970431652768,True,KL0588,AF,AFR,80.0,2025-03-04T06:00:00.000+01:00,2025-03-04,06:00:00,J,3.0,4,330,333,['16'],"['AF5479', 'DL9507']","['ARR', 'EXP']",['LOS'],N,False,,,,,,
2025-03-04T07:14:59.495+01:00,,PHHXC,,,D,HV6901,6901,D14,D,141847971462555781,True,HV6901,HV,TRA,164.0,2025-03-04T06:20:00.000+01:00,2025-03-04,06:20:00,J,1.0,4,737,73H,,,['DEP'],['DXB'],N,False,2025-03-04T06:32:37.000+01:00,VF3,"[{'endTime': '2025-03-04T05:30:00.000+01:00', 'rows': {'rows': [{'position': '5', 'desks': {'desks': [{'position': 1}, {'position': 2}, {'position': 3}, {'position': 4}, {'position': 5}, {'position': 6}, {'position': 7}, {'position': 8}, {'position': 9}, {'position': 10}]}}]}, 'startTime': '2025-03-04T03:20:00.000+01:00'}]",,,
2025-03-04T07:17:42.830+01:00,,PHYHA,,,D,HV5663,5663,D85,D,141847971462446709,True,HV5663,HV,TRA,164.0,2025-03-04T06:20:00.000+01:00,2025-03-04,06:20:00,J,1.0,4,32S,32Q,,"['DL7494', 'KL2691']",['DEP'],['LPA'],S,False,2025-03-04T06:34:07.000+01:00,VF1,"[{'endTime': '2025-03-04T05:30:00.000+01:00', 'rows': {'rows': [{'position': '2', 'desks': {'desks': [{'position': 1}, {'position': 2}, {'position': 3}, {'position': 4}, {'position': 5}, {'position': 6}, {'position': 7}, {'position': 8}, {'position': 9}, {'position': 10}]}}, {'position': '3', 'desks': {'desks': [{'position': 1}, {'position': 2}, {'position': 3}, {'position': 4}, {'position': 5}, {'position': 6}, {'position': 7}, {'position': 8}, {'position': 9}, {'position': 10}]}}]}, 'startTime': '2025-03-04T03:20:00.000+01:00'}]",,,
2025-03-04T07:17:42.830+01:00,,PHYHA,,,D,DL7494,7494,D85,D,141847970870409193,True,HV5663,DL,DAL,58.0,2025-03-04T06:20:00.000+01:00,2025-03-04,06:20:00,J,1.0,4,32S,32Q,,"['DL7494', 'KL2691']",['DEP'],['LPA'],S,False,2025-03-04T06:34:07.000+01:00,VF1,"[{'endTime': '2025-03-04T05:30:00.000+01:00', 'rows': {'rows': [{'position': '2', 'desks': {'desks': [{'position': 1}, {'position': 2}, {'position': 3}, {'position': 4}, {'position': 5}, {'position': 6}, {'position': 7}, {'position': 8}, {'position': 9}, {'position': 10}]}}, {'position': '3', 'desks': {'desks': [{'position': 1}, {'position': 2}, {'position': 3}, {'position': 4}, {'position': 5}, {'position': 6}, {'position': 7}, {'position': 8}, {'position': 9}, {'position': 10}]}}]}, 'startTime': '2025-03-04T03:20:00.000+01:00'}]",,,
2025-03-04T07:17:42.830+01:00,,PHYHA,,,D,KL2691,2691,D85,D,141847971840723531,True,HV5663,KL,KLM,100.0,2025-03-04T06:20:00.000+01:00,2025-03-04,06:20:00,J,1.0,4,32S,32Q,,"['DL7494', 'KL2691']",['DEP'],['LPA'],S,False,2025-03-04T06:34:07.000+01:00,VF1,"[{'endTime': '2025-03-04T05:30:00.000+01:00', 'rows': {'rows': [{'position': '2', 'desks': {'desks': [{'position': 1}, {'position': 2}, {'position': 3}, {'position': 4}, {'position': 5}, {'position': 6}, {'position': 7}, {'position': 8}, {'position': 9}, {'position': 10}]}}, {'position': '3', 'desks': {'desks': [{'position': 1}, {'position': 2}, {'position': 3}, {'position': 4}, {'position': 5}, {'position': 6}, {'position': 7}, {'position': 8}, {'position': 9}, {'position': 10}]}}]}, 'startTime': '2025-03-04T03:20:00.000+01:00'}]",,,
2025-03-04T05:57:59.446+01:00,2025-03-04T05:40:47.000+01:00,PHCKA,2025-03-04T05:40:07.000+01:00,,A,MP8372,8372,,,141847972133692122,True,MP8372,MP,MPH,122.0,2025-03-04T06:30:00.000+01:00,2025-03-04,06:30:00,F,,4,74F,74Y,,,"['LND', 'EXP']","['JNB', 'HRE', 'NBO']",N,False,,,,,,
2025-03-04T06:37:24.219+01:00,,PHHXA,,,D,KL3283,3283,D77,D,141847971840813815,True,HV5071,KL,KLM,100.0,2025-03-04T06:30:00.000+01:00,2025-03-04,06:30:00,J,1.0,4,737,73H,,"['DL7478', 'KL3283']",['DEP'],['TOS'],S,False,2025-03-04T06:28:49.000+01:00,VF1,"[{'endTime': '2025-03-04T05:40:00.000+01:00', 'rows': {'rows': [{'position': '2', 'desks': {'desks': [{'position': 1}, {'position': 2}, {'position': 3}, {'position': 4}, {'position': 5}, {'position': 6}, {'position': 7}, {'position': 8}, {'position': 9}, {'position': 10}]}}, {'position': '3', 'desks': {'desks': [{'position': 1}, {'position': 2}, {'position': 3}, {'position': 4}, {'position': 5}, {'position': 6}, {'position': 7}, {'position': 8}, {'position': 9}, {'position': 10}]}}]}, 'startTime': '2025-03-04T03:30:00.000+01:00'}]",,,
2025-03-04T06:37:24.219+01:00,,PHHXA,,,D,HV5071,5071,D77,D,141847971462430351,True,HV5071,HV,TRA,164.0,2025-03-04T06:30:00.000+01:00,2025-03-04,06:30:00,J,1.0,4,737,73H,,"['DL7478', 'KL3283']",['DEP'],['TOS'],S,False,2025-03-04T06:28:49.000+01:00,VF1,"[{'endTime': '2025-03-04T05:40:00.000+01:00', 'rows': {'rows': [{'position': '2', 'desks': {'desks': [{'position': 1}, {'position': 2}, {'position': 3}, {'position': 4}, {'position': 5}, {'position': 6}, {'position': 7}, {'position': 8}, {'position': 9}, {'position': 10}]}}, {'position': '3', 'desks': {'desks': [{'position': 1}, {'position': 2}, {'position': 3}, {'position': 4}, {'position': 5}, {'position': 6}, {'position': 7}, {'position': 8}, {'position': 9}, {'position': 10}]}}]}, 'startTime': '2025-03-04T03:30:00.000+01:00'}]",,,
2025-03-04T06:37:24.219+01:00,,PHHXA,,,D,KL3283,3283,D77,D,141847971840813815,True,HV5071,KL,KLM,100.0,2025-03-04T06:30:00.000+01:00,2025-03-04,06:30:00,J,1.0,4,737,73H,,"['DL7478', 'KL3283']",['DEP'],['TOS'],S,False,2025-03-04T06:28:49.000+01:00,VF1,"[{'endTime': '2025-03-04T05:40:00.000+01:00', 'rows': {'rows': [{'position': '2', 'desks': {'desks': [{'position': 1}, {'position': 2}, {'position': 3}, {'position': 4}, {'position': 5}, {'position': 6}, {'position': 7}, {'position': 8}, {'position': 9}, {'position': 10}]}}, {'position': '3', 'desks': {'desks': [{'position': 1}, {'position': 2}, {'position': 3}, {'position': 4}, {'position': 5}, {'position': 6}, {'position': 7}, {'position': 8}, {'position': 9}, {'position': 10}]}}]}, 'startTime': '2025-03-04T03:30:00.000+01:00'}]",,,
2025-03-04T08:23:16.229+01:00,2025-03-04T06:13:04.000+01:00,BLXI,2025-03-04T06:12:23.000+01:00,2025-03-04T07:12:44.778+01:00,A,CX271,271,G9,G,141847970280903948,True,CX271,CX,CPA,4826.0,2025-03-04T06:35:00.000+01:00,2025-03-04,06:35:00,J,4.0,4,350,351,['20'],,"['ARR', 'EXP']",['HKG'],N,False,,,,,,
2025-03-04T07:34:26.366+01:00,,PHHSM,,,D,KL2649,2649,D63,D,141847971840723177,True,HV6115,KL,KLM,100.0,2025-03-04T06:40:00.000+01:00,2025-03-04,06:40:00,J,1.0,4,737,73H,,"['DL7481', 'KL2649']",['DEP'],['AGP'],S,False,2025-03-04T07:03:09.000+01:00,VF1,"[{'endTime': '2025-03-04T05:50:00.000+01:00', 'rows': {'rows': [{'position': '2', 'desks': {'desks': [{'position': 1}, {'position': 2}, {'position': 3}, {'position': 4}, {'position': 5}, {'position': 6}, {'position': 7}, {'position': 8}, {'position': 9}, {'position': 10}]}}, {'position': '3', 'desks': {'desks': [{'position': 1}, {'position': 2}, {'position': 3}, {'position': 4}, {'position': 5}, {'position': 6}, {'position': 7}, {'position': 8}, {'position': 9}, {'position': 10}]}}]}, 'startTime': '2025-03-04T03:40:00.000+01:00'}]",,,
2025-03-04T07:34:26.366+01:00,,PHHSM,,,D,HV6115,6115,D63,D,141847971462533959,True,HV6115,HV,TRA,164.0,2025-03-04T06:40:00.000+01:00,2025-03-04,06:40:00,J,1.0,4,737,73H,,"['DL7481', 'KL2649']",['DEP'],['AGP'],S,False,2025-03-04T07:03:09.000+01:00,VF1,"[{'endTime': '2025-03-04T05:50:00.000+01:00', 'rows': {'rows': [{'position': '2', 'desks': {'desks': [{'position': 1}, {'position': 2}, {'position': 3}, {'position': 4}, {'position': 5}, {'position': 6}, {'position': 7}, {'position': 8}, {'position': 9}, {'position': 10}]}}, {'position': '3', 'desks': {'desks': [{'position': 1}, {'position': 2}, {'position': 3}, {'position': 4}, {'position': 5}, {'position': 6}, {'position': 7}, {'position': 8}, {'position': 9}, {'position': 10}]}}]}, 'startTime': '2025-03-04T03:40:00.000+01:00'}]",,,
2025-03-04T07:34:26.366+01:00,,PHHSM,,,D,DL7481,7481,D63,D,141847970870409113,True,HV6115,DL,DAL,58.0,2025-03-04T06:40:00.000+01:00,2025-03-04,06:40:00,J,1.0,4,737,73H,,"['DL7481', 'KL2649']",['DEP'],['AGP'],S,False,2025-03-04T07:03:09.000+01:00,VF1,"[{'endTime': '2025-03-04T05:50:00.000+01:00', 'rows': {'rows': [{'position': '2', 'desks': {'desks': [{'position': 1}, {'position': 2}, {'position': 3}, {'position': 4}, {'position': 5}, {'position': 6}, {'position': 7}, {'position': 8}, {'position': 9}, {'position': 10}]}}, {'position': '3', 'desks': {'desks': [{'position': 1}, {'position': 2}, {'position': 3}, {'position': 4}, {'position': 5}, {'position': 6}, {'position': 7}, {'position': 8}, {'position': 9}, {'position': 10}]}}]}, 'startTime': '2025-03-04T03:40:00.000+01:00'}]",,,
2025-03-04T08:26:25.250+01:00,2025-03-04T06:31:52.000+01:00,PHBQN,2025-03-04T06:32:07.000+01:00,2025-03-04T07:45:55.405+01:00,A,QF4217,4217,E17,E,141847972650552162,True,KL0888,QF,QFA,205.0,2025-03-04T06:40:00.000+01:00,2025-03-04,06:40:00,J,2.0,4,777,772,['11'],"['AF8404', 'QF4217']",['ARR'],['HKG'],N,False,,,,,,
2025-03-04T08:26:25.250+01:00,2025-03-04T06:31:52.000+01:00,PHBQN,2025-03-04T06:32:07.000+01:00,2025-03-04T07:45:55.405+01:00,A,KL0888,888,E17,E,141847971840526334,True,KL0888,KL,KLM,100.0,2025-03-04T06:40:00.000+01:00,2025-03-04,06:40:00,J,2.0,4,777,772,['11'],"['AF8404', 'QF4217']",['ARR'],['HKG'],N,False,,,,,,
2025-03-04T08:26:25.250+01:00,2025-03-04T06:31:52.000+01:00,PHBQN,2025-03-04T06:32:07.000+01:00,2025-03-04T07:45:55.405+01:00,A,AF8404,8404,E17,E,141847970431956158,True,KL0888,AF,AFR,80.0,2025-03-04T06:40:00.000+01:00,2025-03-04,06:40:00,J,2.0,4,777,772,['11'],"['AF8404', 'QF4217']",['ARR'],['HKG'],N,False,,,,,,
2025-03-04T08:28:20.059+01:00,,PHHSJ,,,D,HV5951,5951,D87,D,141847971462454845,True,HV5951,HV,TRA,164.0,2025-03-04T06:40:00.000+01:00,2025-03-04,06:40:00,J,1.0,4,737,73H,,['DL7509'],['DEP'],['LIS'],S,False,2025-03-04T07:50:36.000+01:00,VF1,"[{'endTime': '2025-03-04T05:50:00.000+01:00', 'rows': {'rows': [{'position': '2', 'desks': {'desks': [{'position': 1}, {'position': 2}, {'position': 3}, {'position': 4}, {'position': 5}, {'position': 6}, {'position': 7}, {'position': 8}, {'position': 9}, {'position': 10}]}}, {'position': '3', 'desks': {'desks': [{'position': 1}, {'position': 2}, {'position': 3}, {'position': 4}, {'position': 5}, {'position': 6}, {'position': 7}, {'position': 8}, {'position': 9}, {'position': 10}]}}]}, 'startTime': '2025-03-04T03:40:00.000+01:00'}]",,,
2025-03-04T08:28:20.059+01:00,,PHHSJ,,,D,DL7509,7509,D87,D,141847970870411275,True,HV5951,DL,DAL,58.0,2025-03-04T06:40:00.000+01:00,2025-03-04,06:40:00,J,1.0,4,737,73H,,['DL7509'],['DEP'],['LIS'],S,False,2025-03-04T07:50:36.000+01:00,VF1,"[{'endTime': '2025-03-04T05:50:00.000+01:00', 'rows': {'rows': [{'position': '2', 'desks': {'desks': [{'position': 1}, {'position': 2}, {'position': 3}, {'position': 4}, {'position': 5}, {'position': 6}, {'position': 7}, {'position': 8}, {'position': 9}, {'position': 10}]}}, {'position': '3', 'desks': {'desks': [{'position': 1}, {'position': 2}, {'position': 3}, {'position': 4}, {'position': 5}, {'position': 6}, {'position': 7}, {'position': 8}, {'position': 9}, {'position': 10}]}}]}, 'startTime': '2025-03-04T03:40:00.000+01:00'}]",,,
2025-03-03T13:20:24.626+01:00,,,,,D,KL1197,1197,D86,D,141847971840608547,True,KL1197,KL,KLM,100.0,2025-03-04T06:45:00.000+01:00,2025-03-04,06:45:00,J,,4,737,73H,,"['CZ7613', 'DL9593', 'GA9478', 'KE6431', 'MF9704', 'SK6683']",['CNX'],['OSL'],S,False,,,,2025-03-04T06:15:00.000+01:00,2025-03-04T06:30:00.000+01:00,2025-03-04T05:45:00.000+01:00
2025-03-03T13:20:24.626+01:00,,,,,D,CZ7613,7613,D86,D,141847970784202669,True,KL1197,CZ,CSN,43.0,2025-03-04T06:45:00.000+01:00,2025-03-04,06:45:00,J,,4,737,73H,,"['CZ7613', 'DL9593', 'GA9478', 'KE6431', 'MF9704', 'SK6683']",['CNX'],['OSL'],S,False,,,,2025-03-04T06:15:00.000+01:00,2025-03-04T06:30:00.000+01:00,2025-03-04T05:45:00.000+01:00
2025-03-03T13:20:24.626+01:00,,,,,D,DL9593,9593,D86,D,141847970870614541,True,KL1197,DL,DAL,58.0,2025-03-04T06:45:00.000+01:00,2025-03-04,06:45:00,J,,4,737,73H,,"['CZ7613', 'DL9593', 'GA9478', 'KE6431', 'MF9704', 'SK6683']",['CNX'],['OSL'],S,False,,,,2025-03-04T06:15:00.000+01:00,2025-03-04T06:30:00.000+01:00,2025-03-04T05:45:00.000+01:00
2025-03-03T13:20:24.626+01:00,,,,,D,GA9478,9478,D86,D,141847971245443865,True,KL1197,GA,GIA,85.0,2025-03-04T06:45:00.000+01:00,2025-03-04,06:45:00,J,,4,737,73H,,"['CZ7613', 'DL9593', 'GA9478', 'KE6431', 'MF9704', 'SK6683']",['CNX'],['OSL'],S,False,,,,2025-03-04T06:15:00.000+01:00,2025-03-04T06:30:00.000+01:00,2025-03-04T05:45:00.000+01:00
2025-03-03T13:20:24.626+01:00,,,,,D,KE6431,6431,D86,D,141847971814884581,True,KL1197,KE,KAL,105.0,2025-03-04T06:45:00.000+01:00,2025-03-04,06:45:00,J,,4,737,73H,,"['CZ7613', 'DL9593', 'GA9478', 'KE6431', 'MF9704', 'SK6683']",['CNX'],['OSL'],S,False,,,,2025-03-04T06:15:00.000+01:00,2025-03-04T06:30:00.000+01:00,2025-03-04T05:45:00.000+01:00
2025-03-03T13:20:24.626+01:00,,,,,D,MF9704,9704,D86,D,141847972096320647,True,KL1197,MF,CXA,1551.0,2025-03-04T06:45:00.000+01:00,2025-03-04,06:45:00,J,,4,737,73H,,"['CZ7613', 'DL9593', 'GA9478', 'KE6431', 'MF9704', 'SK6683']",['CNX'],['OSL'],S,False,,,,2025-03-04T06:15:00.000+01:00,2025-03-04T06:30:00.000+01:00,2025-03-04T05:45:00.000+01:00
2025-03-03T13:20:24.626+01:00,,,,,D,SK6683,6683,D86,D,141847972946883675,True,KL1197,SK,SAS,150.0,2025-03-04T06:45:00.000+01:00,2025-03-04,06:45:00,J,,4,737,73H,,"['CZ7613', 'DL9593', 'GA9478', 'KE6431', 'MF9704', 'SK6683']",['CNX'],['OSL'],S,False,,,,2025-03-04T06:15:00.000+01:00,2025-03-04T06:30:00.000+01:00,2025-03-04T05:45:00.000+01:00
2025-03-04T07:46:05.074+01:00,,PHYHB,,,D,KL2641,2641,C13,C,141847971840723161,True,HV6143,KL,KLM,100.0,2025-03-04T06:45:00.000+01:00,2025-03-04,06:45:00,J,1.0,4,32S,32Q,,"['DL7484', 'KL2641']",['DEP'],['ALC'],S,False,2025-03-04T06:54:39.000+01:00,VF1,"[{'endTime': '2025-03-04T05:55:00.000+01:00', 'rows': {'rows': [{'position': '2', 'desks': {'desks': [{'position': 1}, {'position': 2}, {'position': 3}, {'position': 4}, {'position': 5}, {'position': 6}, {'position': 7}, {'position': 8}, {'position': 9}, {'position': 10}]}}, {'position': '3', 'desks': {'desks': [{'position': 1}, {'position': 2}, {'position': 3}, {'position': 4}, {'position': 5}, {'position': 6}, {'position': 7}, {'position': 8}, {'position': 9}, {'position': 10}]}}]}, 'startTime': '2025-03-04T03:45:00.000+01:00'}]",,,
2025-03-04T07:46:05.074+01:00,,PHYHB,,,D,HV6143,6143,C13,C,141847971462534177,True,HV6143,HV,TRA,164.0,2025-03-04T06:45:00.000+01:00,2025-03-04,06:45:00,J,1.0,4,32S,32Q,,"['DL7484', 'KL2641']",['DEP'],['ALC'],S,False,2025-03-04T06:54:39.000+01:00,VF1,"[{'endTime': '2025-03-04T05:55:00.000+01:00', 'rows': {'rows': [{'position': '2', 'desks': {'desks': [{'position': 1}, {'position': 2}, {'position': 3}, {'position': 4}, {'position': 5}, {'position': 6}, {'position': 7}, {'position': 8}, {'position': 9}, {'position': 10}]}}, {'position': '3', 'desks': {'desks': [{'position': 1}, {'position': 2}, {'position': 3}, {'position': 4}, {'position': 5}, {'position': 6}, {'position': 7}, {'position': 8}, {'position': 9}, {'position': 10}]}}]}, 'startTime': '2025-03-04T03:45:00.000+01:00'}]",,,
2025-03-04T07:46:05.074+01:00,,PHYHB,,,D,DL7484,7484,C13,C,141847970870409119,True,HV6143,DL,DAL,58.0,2025-03-04T06:45:00.000+01:00,2025-03-04,06:45:00,J,1.0,4,32S,32Q,,"['DL7484', 'KL2641']",['DEP'],['ALC'],S,False,2025-03-04T06:54:39.000+01:00,VF1,"[{'endTime': '2025-03-04T05:55:00.000+01:00', 'rows': {'rows': [{'position': '2', 'desks': {'desks': [{'position': 1}, {'position': 2}, {'position': 3}, {'position': 4}, {'position': 5}, {'position': 6}, {'position': 7}, {'position': 8}, {'position': 9}, {'position': 10}]}}, {'position': '3', 'desks': {'desks': [{'position': 1}, {'position': 2}, {'position': 3}, {'position': 4}, {'position': 5}, {'position': 6}, {'position': 7}, {'position': 8}, {'position': 9}, {'position': 10}]}}]}, 'startTime': '2025-03-04T03:45:00.000+01:00'}]",,,
2025-03-04T08:18:22.163+01:00,2025-03-04T06:21:26.000+01:00,PHBVA,2025-03-04T06:22:16.000+01:00,2025-03-04T07:49:23.577+01:00,A,KL0736,736,E19,E,141847971840523222,True,KL0736,KL,KLM,100.0,2025-03-04T06:45:00.000+01:00,2025-03-04,06:45:00,J,4.0,4,777,77W,['22'],['AF8392'],"['ARR', 'EXP']",['CUR'],N,False,,,,,,
2025-03-04T08:18:22.163+01:00,2025-03-04T06:21:26.000+01:00,PHBVA,2025-03-04T06:22:16.000+01:00,2025-03-04T07:49:23.577+01:00,A,AF8392,8392,E19,E,141847970431954082,True,KL0736,AF,AFR,80.0,2025-03-04T06:45:00.000+01:00,2025-03-04,06:45:00,J,4.0,4,777,77W,['22'],['AF8392'],"['ARR', 'EXP']",['CUR'],N,False,,,,,,
2025-03-04T09:14:08.199+01:00,2025-03-04T07:11:30.000+01:00,9VSMG,2025-03-04T07:11:41.000+01:00,2025-03-04T08:19:48.030+01:00,A,SQ324,324,G7,G,141847970340170332,True,SQ324,SQ,SIA,152.0,2025-03-04T06:45:00.000+01:00,2025-03-04,06:45:00,J,3.0,4,350,359,['18'],,"['ARR', 'EXP']",['SIN'],N,False,,,,,,
2025-03-03T13:20:24.524+01:00,,,,,D,KL1351,1351,B3,B,141847971840613715,True,KL1351,KL,KLM,100.0,2025-03-04T06:50:00.000+01:00,2025-03-04,06:50:00,J,,4,EMJ,E7W,,"['CI9481', 'DL9532']",['CNX'],['PRG'],S,False,,,,2025-03-04T06:25:00.000+01:00,2025-03-04T06:35:00.000+01:00,2025-03-04T06:20:00.000+01:00
2025-03-03T13:20:24.524+01:00,,,,,D,CI9481,9481,B3,B,141847970720678845,True,KL1351,CI,CAL,44.0,2025-03-04T06:50:00.000+01:00,2025-03-04,06:50:00,J,,4,EMJ,E7W,,"['CI9481', 'DL9532']",['CNX'],['PRG'],S,False,,,,2025-03-04T06:25:00.000+01:00,2025-03-04T06:35:00.000+01:00,2025-03-04T06:20:00.000+01:00
2025-03-03T13:20:24.524+01:00,,,,,D,DL9532,9532,B3,B,141847970870614095,True,KL1351,DL,DAL,58.0,2025-03-04T06:50:00.000+01:00,2025-03-04,06:50:00,J,,4,EMJ,E7W,,"['CI9481', 'DL9532']",['CNX'],['PRG'],S,False,,,,2025-03-04T06:25:00.000+01:00,2025-03-04T06:35:00.000+01:00,2025-03-04T06:20:00.000+01:00
2025-03-03T13:20:29.211+01:00,,,,,D,CZ7704,7704,,,141847970784205335,True,KL1917,CZ,CSN,43.0,2025-03-04T06:50:00.000+01:00,2025-03-04,06:50:00,J,,4,EMJ,E7W,,"['CZ7704', 'DL9432', 'MF9724', 'MU1781']",['CNX'],['ZRH'],S,False,,,,2025-03-04T06:25:00.000+01:00,2025-03-04T06:35:00.000+01:00,2025-03-04T06:20:00.000+01:00
2025-03-03T13:20:29.211+01:00,,,,,D,DL9432,9432,,,141847970870611357,True,KL1917,DL,DAL,58.0,2025-03-04T06:50:00.000+01:00,2025-03-04,06:50:00,J,,4,EMJ,E7W,,"['CZ7704', 'DL9432', 'MF9724', 'MU1781']",['CNX'],['ZRH'],S,False,,,,2025-03-04T06:25:00.000+01:00,2025-03-04T06:35:00.000+01:00,2025-03-04T06:20:00.000+01:00
2025-03-03T13:20:29.211+01:00,,,,,D,MF9724,9724,,,141847972096320795,True,KL1917,MF,CXA,1551.0,2025-03-04T06:50:00.000+01:00,2025-03-04,06:50:00,J,,4,EMJ,E7W,,"['CZ7704', 'DL9432', 'MF9724', 'MU1781']",['CNX'],['ZRH'],S,False,,,,2025-03-04T06:25:00.000+01:00,2025-03-04T06:35:00.000+01:00,2025-03-04T06:20:00.000+01:00
2025-03-03T13:20:29.211+01:00,,,,,D,MU1781,1781,,,141847972151735615,True,KL1917,MU,CES,1294.0,2025-03-04T06:50:00.000+01:00,2025-03-04,06:50:00,J,,4,EMJ,E7W,,"['CZ7704', 'DL9432', 'MF9724', 'MU1781']",['CNX'],['ZRH'],S,False,,,,2025-03-04T06:25:00.000+01:00,2025-03-04T06:35:00.000+01:00,2025-03-04T06:20:00.000+01:00
2025-03-03T13:20:29.211+01:00,,,,,D,KL1917,1917,,,141847971840629859,True,KL1917,KL,KLM,100.0,2025-03-04T06:50:00.000+01:00,2025-03-04,06:50:00,J,,4,EMJ,E7W,,"['CZ7704', 'DL9432', 'MF9724', 'MU1781']",['CNX'],['ZRH'],S,False,,,,2025-03-04T06:25:00.000+01:00,2025-03-04T06:35:00.000+01:00,2025-03-04T06:20:00.000+01:00
2025-03-04T04:31:54.605+01:00,,,,,D,KL1701,1701,B6,B,141847971840624297,True,KL1701,KL,KLM,100.0,2025-03-04T06:50:00.000+01:00,2025-03-04,06:50:00,J,,4,EMJ,E7W,,"['DL9606', 'MF9353', 'MU1833']",['CNX'],['BRU'],S,False,,,,2025-03-04T06:25:00.000+01:00,2025-03-04T06:35:00.000+01:00,2025-03-04T06:20:00.000+01:00
2025-03-04T04:31:54.605+01:00,,,,,D,DL9606,9606,B6,B,141847970870616619,True,KL1701,DL,DAL,58.0,2025-03-04T06:50:00.000+01:00,2025-03-04,06:50:00,J,,4,EMJ,E7W,,"['DL9606', 'MF9353', 'MU1833']",['CNX'],['BRU'],S,False,,,,2025-03-04T06:25:00.000+01:00,2025-03-04T06:35:00.000+01:00,2025-03-04T06:20:00.000+01:00
2025-03-04T04:31:54.605+01:00,,,,,D,MF9353,9353,B6,B,141847972096310063,True,KL1701,MF,CXA,1551.0,2025-03-04T06:50:00.000+01:00,2025-03-04,06:50:00,J,,4,EMJ,E7W,,"['DL9606', 'MF9353', 'MU1833']",['CNX'],['BRU'],S,False,,,,2025-03-04T06:25:00.000+01:00,2025-03-04T06:35:00.000+01:00,2025-03-04T06:20:00.000+01:00
2025-03-04T04:31:54.605+01:00,,,,,D,MU1833,1833,B6,B,141847972151737987,True,KL1701,MU,CES,1294.0,2025-03-04T06:50:00.000+01:00,2025-03-04,06:50:00,J,,4,EMJ,E7W,,"['DL9606', 'MF9353', 'MU1833']",['CNX'],['BRU'],S,False,,,,2025-03-04T06:25:00.000+01:00,2025-03-04T06:35:00.000+01:00,2025-03-04T06:20:00.000+01:00
2025-03-04T07:30:46.551+01:00,,PHAXC,,,D,VN3107,3107,D82,D,141847973373874191,True,KL1401,VN,HVN,2328.0,2025-03-04T06:50:00.000+01:00,2025-03-04,06:50:00,J,1.0,4,32S,32Q,,"['AF8373', 'DL9205', 'MU1555', 'VN3107']",['DEP'],['CDG'],S,False,2025-03-04T06:55:16.000+01:00,VF1,"[{'endTime': '2025-03-04T06:10:00.000+01:00', 'rows': {'rows': [{'position': '6', 'desks': {'desks': [{'position': 1}, {'position': 2}, {'position': 3}, {'position': 4}, {'position': 5}, {'position': 6}, {'position': 7}, {'position': 8}, {'position': 9}, {'position': 10}]}}, {'position': '7', 'desks': {'desks': [{'position': 1}, {'position': 2}, {'position': 3}, {'position': 4}, {'position': 5}, {'position': 6}, {'position': 7}, {'position': 8}, {'position': 9}, {'position': 10}]}}, {'position': '8', 'desks': {'desks': [{'position': 1}, {'position': 2}, {'position': 3}, {'position': 4}, {'position': 5}, {'position': 6}, {'position': 7}]}}]}, 'startTime': '2025-03-04T04:35:00.000+01:00'}]",2025-03-04T06:20:00.000+01:00,2025-03-04T06:35:00.000+01:00,2025-03-04T05:50:00.000+01:00
2025-03-04T07:30:46.551+01:00,,PHAXC,,,D,DL9205,9205,D82,D,141847970870605665,True,KL1401,DL,DAL,58.0,2025-03-04T06:50:00.000+01:00,2025-03-04,06:50:00,J,1.0,4,32S,32Q,,"['AF8373', 'DL9205', 'MU1555', 'VN3107']",['DEP'],['CDG'],S,False,2025-03-04T06:55:16.000+01:00,VF1,"[{'endTime': '2025-03-04T06:10:00.000+01:00', 'rows': {'rows': [{'position': '6', 'desks': {'desks': [{'position': 1}, {'position': 2}, {'position': 3}, {'position': 4}, {'position': 5}, {'position': 6}, {'position': 7}, {'position': 8}, {'position': 9}, {'position': 10}]}}, {'position': '7', 'desks': {'desks': [{'position': 1}, {'position': 2}, {'position': 3}, {'position': 4}, {'position': 5}, {'position': 6}, {'position': 7}, {'position': 8}, {'position': 9}, {'position': 10}]}}, {'position': '8', 'desks': {'desks': [{'position': 1}, {'position': 2}, {'position': 3}, {'position': 4}, {'position': 5}, {'position': 6}, {'position': 7}]}}]}, 'startTime': '2025-03-04T04:35:00.000+01:00'}]",2025-03-04T06:20:00.000+01:00,2025-03-04T06:35:00.000+01:00,2025-03-04T05:50:00.000+01:00
2025-03-04T07:30:46.551+01:00,,PHAXC,,,D,MU1555,1555,D82,D,141847972151729925,True,KL1401,MU,CES,1294.0,2025-03-04T06:50:00.000+01:00,2025-03-04,06:50:00,J,1.0,4,32S,32Q,,"['AF8373', 'DL9205', 'MU1555', 'VN3107']",['DEP'],['CDG'],S,False,2025-03-04T06:55:16.000+01:00,VF1,"[{'endTime': '2025-03-04T06:10:00.000+01:00', 'rows': {'rows': [{'position': '6', 'desks': {'desks': [{'position': 1}, {'position': 2}, {'position': 3}, {'position': 4}, {'position': 5}, {'position': 6}, {'position': 7}, {'position': 8}, {'position': 9}, {'position': 10}]}}, {'position': '7', 'desks': {'desks': [{'position': 1}, {'position': 2}, {'position': 3}, {'position': 4}, {'position': 5}, {'position': 6}, {'position': 7}, {'position': 8}, {'position': 9}, {'position': 10}]}}, {'position': '8', 'desks': {'desks': [{'position': 1}, {'position': 2}, {'position': 3}, {'position': 4}, {'position': 5}, {'position': 6}, {'position': 7}]}}]}, 'startTime': '2025-03-04T04:35:00.000+01:00'}]",2025-03-04T06:20:00.000+01:00,2025-03-04T06:35:00.000+01:00,2025-03-04T05:50:00.000+01:00
2025-03-04T07:30:46.551+01:00,,PHAXC,,,D,KL1401,1401,D82,D,141847971840616083,True,KL1401,KL,KLM,100.0,2025-03-04T06:50:00.000+01:00,2025-03-04,06:50:00,J,1.0,4,32S,32Q,,"['AF8373', 'DL9205', 'MU1555', 'VN3107']",['DEP'],['CDG'],S,False,2025-03-04T06:55:16.000+01:00,VF1,"[{'endTime': '2025-03-04T06:10:00.000+01:00', 'rows': {'rows': [{'position': '6', 'desks': {'desks': [{'position': 1}, {'position': 2}, {'position': 3}, {'position': 4}, {'position': 5}, {'position': 6}, {'position': 7}, {'position': 8}, {'position': 9}, {'position': 10}]}}, {'position': '7', 'desks': {'desks': [{'position': 1}, {'position': 2}, {'position': 3}, {'position': 4}, {'position': 5}, {'position': 6}, {'position': 7}, {'position': 8}, {'position': 9}, {'position': 10}]}}, {'position': '8', 'desks': {'desks': [{'position': 1}, {'position': 2}, {'position': 3}, {'position': 4}, {'position': 5}, {'position': 6}, {'position': 7}]}}]}, 'startTime': '2025-03-04T04:35:00.000+01:00'}]",2025-03-04T06:20:00.000+01:00,2025-03-04T06:35:00.000+01:00,2025-03-04T05:50:00.000+01:00
2025-03-04T07:30:46.551+01:00,,PHAXC,,,D,AF8373,8373,D82,D,141847970431953937,True,KL1401,AF,AFR,80.0,2025-03-04T06:50:00.000+01:00,2025-03-04,06:50:00,J,1.0,4,32S,32Q,,"['AF8373', 'DL9205', 'MU1555', 'VN3107']",['DEP'],['CDG'],S,False,2025-03-04T06:55:16.000+01:00,VF1,"[{'endTime': '2025-03-04T06:10:00.000+01:00', 'rows': {'rows': [{'position': '6', 'desks': {'desks': [{'position': 1}, {'position': 2}, {'position': 3}, {'position': 4}, {'position': 5}, {'position': 6}, {'position': 7}, {'position': 8}, {'position': 9}, {'position': 10}]}}, {'position': '7', 'desks': {'desks': [{'position': 1}, {'position': 2}, {'position': 3}, {'position': 4}, {'position': 5}, {'position': 6}, {'position': 7}, {'position': 8}, {'position': 9}, {'position': 10}]}}, {'position': '8', 'desks': {'desks': [{'position': 1}, {'position': 2}, {'position': 3}, {'position': 4}, {'position': 5}, {'position': 6}, {'position': 7}]}}]}, 'startTime': '2025-03-04T04:35:00.000+01:00'}]",2025-03-04T06:20:00.000+01:00,2025-03-04T06:35:00.000+01:00,2025-03-04T05:50:00.000+01:00
